{ "height":170,
 "infinite":false,
 "layers":[
        {
         "compression":"zlib",
         "data":"eJzt2sFNw0AQheGgFAFSOqEVSuDIkXIohTJoBiE4mclqNll75739P2mOwfvHxhsHTicAAAAAGY8FZ\/Wuvd4TYJTz37hx7dpy7dx2vQUDAPDRus+vste5cu107QIqUv5ehecYAPCmfJ9nfwUAVMV9Hreq8r8to7l2jeT6Xa1rF7S5XpeuXat4CmYFfG4GAG+r3udX3deBmVyfh1y7nLieoypd0Z6qvq9ea+ptrH6Obu1z7Zrt1p7qna5dDqr8Lo\/m2gVtrtelS5dLx5ZLl0vHlmuXC7fPnm6fqd2eFdyegVyf7Vy7ernuX65dK3A9d65dK3DdL1y78Itzieq4RlEd+yTu5fq3c9cuZbzXOArXGpBzGTjPwYz8+TMmalJvazWptmWaZrT1rGvmvAQze017NKm3tZpU2zJN19p6XnvPvAdz1LGPbFJvazWptmWafub14GN\/BJNda9WJmtTbWk2qbZkmhbaejsx8BjP6GEdP1KTe1mpSbcs0Hd3Ws6bZ8xXM7DXt0aTe1mpSbcs0RW09rxs154f\/M2Mdezept7WaVNsyTSPbMse5BNOzzooTNam3tZpU2zJNldt61s8wTN98A+I5MCc=",
         "encoding":"base64",
         "height":170,
         "id":104,
         "name":"Corpo",
         "opacity":1,
         "type":"tilelayer",
         "visible":true,
         "width":54,
         "x":0,
         "y":0
        }, 
        {
         "compression":"zlib",
         "data":"eJzt21GygyAMBdB2A6\/73+1bQS0IxATOmfHHDw0Ol0jHvl4AAECLv3e+43SeCcA4aynA3qzzAHxTuUdUrh2A3yqv82oHICvrPHf5tgUAznRqTz913ACnOHWdP3XcADDbjr+BX9VfcYy99VYb3y78xxoAAHLY7Z3aeHLbdTz2rACcSB+kInOU7MxRstP\/GeWbAKKYQ0Qx16DN5\/38Mft7xZl5\/3atymvKr9orjq215uixRc7jnuuO5rQC2a1hJLsresfdjMzMbgT5qOHJ3rYqLyt7W0stV\/fpOV+BTOQ1su5H77d67jH7GfWcr0AmY2TvUxnytZLs1nA3u1F7q7u9rMeT+ZKTGqJ7XFSeVtR0VVfLPXrOVyAP+czuG6N7rNPeD9nbP6bWKBg=",
         "encoding":"base64",
         "height":170,
         "id":103,
         "name":"Appoggio",
         "opacity":1,
         "type":"tilelayer",
         "visible":true,
         "width":54,
         "x":0,
         "y":0
        }],
 "nextlayerid":105,
 "nextobjectid":1,
 "orientation":"orthogonal",
 "renderorder":"right-down",
 "tiledversion":"1.2.1",
 "tileheight":32,
 "tilesets":[
        {
         "firstgid":1,
         "source":"Colori lv2.tsx"
        }],
 "tilewidth":32,
 "type":"map",
 "version":1.2,
 "width":54
}